iter	Logloss
0	0.6693844604
1	0.6461756134
2	0.6291324234
3	0.6122835922
4	0.5937134171
5	0.5796298599
6	0.57414711
7	0.5580139923
8	0.5451864624
9	0.5293844986
